"","Alabama_rank","Male_name","Alaska_rank","Arizona_rank","Arkansas_rank","California_rank","Colorado_rank","Connecticut_rank","Delaware_rank","Florida_rank","Georgia_rank","Hawaii_rank","Idaho_rank","Illinois_rank","Indiana_rank","Iowa_rank","Kansas_rank","Kentucky_rank","Louisiana_rank","Maine_rank","Maryland_rank"
"1",1,"William",5,27,"2",32,5,7,15,22,3,17,4,"6",7,5,8,2,5,15,6
"2",2,"James",8,10,"11",20,6,5,7,14,5,11,5,"7",8,15,9,5,6,20,3
"3",3,"John",31,82,"15",68,30,13,20,40,6,20,45,"25",47,52,25,18,4,51,29
"4",4,"Elijah",3,7,"3",8,10,27,3,4,4,4,6,"11",3,12,5,4,2,17,10
"5",5,"Noah",6,2,"4",1,3,1,2,2,2,2,12,"1",4,6,4,6,3,9,2
"6",6,"Liam",1,1,"1",2,1,2,1,1,1,1,2,"2",2,2,1,1,1,3,1
"7",7,"Mason",19,15,"16",27,33,21,8,18,10,9,29,"24",15,19,12,13,12,18,16
"8",8,"Oliver",2,4,"5",10,2,10,10,5,8,3,1,"3",1,1,3,3,10,1,9
"9",9,"Henry",7,33,"12",43,4,16,49,56,11,15,3,"5",5,3,2,11,13,2,13
"10",10,"Jackson",17,37,"9",53,13,20,19,32,17,38,18,"26",11,13,14,10,33,8,23
"11",11,"Samuel",21,24,"14",39,19,43,39,24,18,45,10,"36",23,27,26,20,36,35,30
"12",12,"Jaxon",22,50,"17",85,69,50,30,59,41,16,39,"63",31,41,58,25,28,53,32
"13",13,"Asher",13,39,"8",75,31,57,36,27,7,25,14,"62",14,16,17,14,15,23,46
"14",14,"Grayson",20,52,"7",100,45,39,26,35,21,37,24,"43",17,24,24,12,9,16,54
"15",15,"Levi",10,20,"19",31,24,46,24,28,12,12,25,"34",19,26,22,8,8,13,26
"16",16,"Michael",14,13,"43",25,40,4,11,13,14,44,48,"10",21,35,21,33,11,43,11
"17",17,"Carter",41,48,"21",87,38,38,4,29,16,42,22,"32",20,22,29,15,19,19,47
"18",18,"Benjamin",9,5,"13",7,9,3,16,6,19,18,7,"4",9,17,7,23,16,10,5
"19",19,"Charles",42,98,"58",92,37,31,61,74,35,65,44,"28",56,72,57,31,29,29,41
"20",20,"Wyatt",47,36,"6",65,12,48,35,48,25,46,17,"39",18,11,6,16,7,11,33
"21",24,"Thomas",33,80,"39",81,43,37,41,63,33,70,28,"40",68,43,46,62,34,37,50
"22",26,"Aiden",55,19,"23",15,26,26,23,20,9,8,20,"30",27,44,42,38,32,26,20
"23",28,"Luke",18,23,"22",41,23,29,21,30,34,13,19,"46",32,39,35,34,20,33,35
"24",29,"David",37,18,"38",18,34,47,18,23,22,50,53,"29",28,42,33,41,50,55,25
"25",30,"Owen",12,46,"31",54,11,18,22,54,53,59,9,"16",10,8,18,17,21,6,19
"26",35,"Daniel",26,11,"37",11,20,17,6,10,24,36,34,"17",30,73,45,46,63,60,8
"27",37,"Logan",27,21,"29",19,15,6,45,16,26,5,26,"15",22,34,28,32,44,42,14
"28",38,"Joseph",39,35,"36",36,48,22,17,31,28,26,51,"27",29,50,44,36,17,67,18
"29",39,"Lucas",24,22,"18",12,14,9,9,3,20,7,27,"14",13,29,15,19,24,7,4
"30",43,"Joshua",23,85,"34",48,52,86,44,39,32,21,94,"61",74,97,63,66,31,96,27
"31",47,"Jack",44,40,"27",47,8,8,37,36,38,33,13,"12",25,7,20,48,37,5,39
"32",50,"Alexander",28,8,"47",9,17,11,14,11,13,28,38,"9",24,33,19,27,64,39,21
"33",52,"Maverick",32,59,"20",77,59,90,88,52,49,22,40,"59",26,9,36,21,42,24,66
"34",57,"Gabriel",15,26,"26",46,53,36,28,19,43,23,59,"38",34,75,31,35,30,57,42
"35",65,"Ethan",57,25,"28",6,39,19,12,7,15,19,42,"19",37,74,39,61,27,41,7
"36",67,"Eli",50,70,"72",66,61,89,66,70,82,54,58,"86",63,65,90,44,14,56,73
"37",68,"Isaac",48,31,"32",28,46,55,29,37,36,66,55,"50",36,40,48,55,92,71,44
"38",72,"Hunter",29,77,"76",96,73,41,62,88,83,29,64,"88",61,93,68,42,82,49,69
"39",75,"Ezra",43,16,"24",29,35,84,57,50,52,10,11,"67",35,38,30,50,68,62,56
"40",95,"Theodore",4,45,"93",44,7,15,60,57,64,53,23,"13",12,4,11,30,73,4,22
